{"_wandb":{"runtime":174},"_step":9,"evaluation_round":10,"performance_mean":0.2,"performance_std":0.1264911064067352,"_timestamp":1.7276489175891466e+09,"_runtime":174.2037596}